0;-0.833333;0.291667;-0.166667
1;-0.833333;0.291667;-0.166667
2;-0.833333;0.291667;-0.166667
3;-0.75;0.291667;-0.125
4;-0.75;0.291667;-0.125
5;-0.666667;0.291667;-0.125
6;-0.666667;0.291667;-0.125
7;-0.666667;0.291667;-0.0833333
8;-0.666667;0.291667;-0.0833333
9;-0.708333;0.25;-0.0833333
10;-0.708333;0.25;-0.0833333
11;-0.75;0.25;-0.0833333
12;-0.75;0.208333;-0.125
13;-0.75;0.208333;-0.125
14;-0.75;0.166667;-0.125
15;-0.791667;0.166667;-0.125
16;-0.791667;0.166667;-0.125
17;-0.875;0.166667;-0.125
18;-0.916667;0.166667;-0.125
19;-0.916667;0.166667;-0.125
20;-1;0.166667;-0.166667
21;-1;0.166667;-0.166667
22;-1;0.208333;-0.208333
23;-1;0.208333;-0.208333
24;-1;0.208333;-0.208333
25;-1;0.208333;-0.208333
26;-1;0.208333;-0.208333
27;-0.958333;0.208333;-0.25
28;-0.958333;0.208333;-0.25
29;-0.916667;0.166667;-0.25
30;-0.916667;0.166667;-0.25
31;-0.916667;0.208333;-0.25
32;-0.916667;0.208333;-0.25
33;-0.916667;0.208333;-0.25
34;-0.958333;0.208333;-0.25
35;-0.958333;0.25;-0.25
36;-0.958333;0.25;-0.291667
37;-0.958333;0.25;-0.291667
38;-0.958333;0.25;-0.291667
39;-0.958333;0.291667;-0.291667
40;-1;0.291667;-0.333333
41;-1;0.291667;-0.333333
42;-1;0.333333;-0.333333
43;-1;0.333333;-0.333333
44;-1;0.333333;-0.333333
45;-1;0.333333;-0.333333
46;-1;0.333333;-0.333333
47;-1;0.291667;-0.333333
48;-1.04167;0.333333;-0.375
49;-1.04167;0.333333;-0.375
50;-1.04167;0.333333;-0.375
51;-1.04167;0.333333;-0.375
52;-1.04167;0.333333;-0.375
53;-1.04167;0.333333;-0.375
54;-1.04167;0.333333;-0.375
55;-1.04167;0.333333;-0.375
56;-1.04167;0.333333;-0.375
57;-1;0.333333;-0.375
58;-1.04167;0.333333;-0.333333
59;-1.04167;0.333333;-0.333333
60;-1.04167;0.333333;-0.333333
61;-1.08333;0.333333;-0.333333
62;-1.08333;0.333333;-0.333333
63;-1.08333;0.333333;-0.291667
64;-1.08333;0.333333;-0.291667
65;-1.04167;0.333333;-0.333333
66;-1.08333;0.375;-0.333333
67;-1.125;0.416667;-0.291667
68;-1.20833;0.416667;-0.291667
69;-1.25;0.458333;-0.291667
70;-1.33333;0.458333;-0.25
71;-1.375;0.416667;-0.208333
72;-1.375;0.416667;-0.166667
73;-1.33333;0.333333;-0.125
74;-1.33333;0.333333;-0.125
75;-1.25;0.291667;-0.125
76;-1.29167;0.25;-0.125
77;-1.29167;0.25;-0.0833333
78;-1.29167;0.25;-0.0833333
79;-1.375;0.25;-0.0416667
80;-1.375;0.25;0
81;-1.375;0.25;0
82;-1.375;0.208333;0
83;-1.375;0.208333;0
84;-1.375;0.208333;0
85;-1.33333;0.25;0
86;-1.29167;0.25;0
87;-1.20833;0.25;-0.0416667
88;-1.125;0.25;-0.0416667
89;-0.958333;0.25;-0.0833333
90;-0.833333;0.25;-0.0833333
91;-0.833333;0.25;-0.0833333
92;-0.833333;0.25;-0.0833333
93;-0.75;0.25;-0.0833333
94;-0.708333;0.25;-0.0416667
95;-0.708333;0.25;-0.0416667
96;-0.625;0.25;-0.0416667
97;-0.583333;0.291667;0
98;-0.583333;0.291667;0
99;-0.583333;0.291667;0
100;-0.583333;0.291667;0
101;-0.666667;0.291667;0
102;-0.666667;0.291667;0
103;-0.75;0.291667;0.0416667
104;-0.75;0.291667;0.0416667
105;-0.791667;0.291667;0.0416667
106;-0.833333;0.291667;0.0416667
107;-0.916667;0.25;0.0416667
108;-0.916667;0.25;0.0416667
109;-0.916667;0.25;0.0416667
110;-0.958333;0.25;0.0416667
111;-0.958333;0.25;0.0416667
112;-1;0.25;0.0416667
113;-1.125;0.291667;0
114;-1.16667;0.291667;0
115;-1.16667;0.291667;0
116;-1.16667;0.333333;-0.0416667
117;-1.16667;0.333333;-0.0416667
118;-1.16667;0.375;-0.0416667
119;-1.125;0.375;-0.0833333
120;-1.125;0.375;-0.0833333
121;-1.08333;0.375;-0.0833333
122;-1.08333;0.416667;-0.125
123;-1.16667;0.416667;-0.0833333
124;-1.20833;0.416667;-0.0833333
125;-1.20833;0.416667;-0.0833333
126;-1.16667;0.416667;-0.0833333
127;-1.08333;0.375;-0.125
128;-1.08333;0.375;-0.125
129;-1.04167;0.375;-0.125
130;-1.08333;0.333333;-0.166667
131;-1.125;0.333333;-0.208333
132;-1.16667;0.333333;-0.208333
133;-1.25;0.333333;-0.208333
134;-1.29167;0.333333;-0.208333
135;-1.375;0.333333;-0.208333
136;-1.41667;0.291667;-0.166667
137;-1.375;0.25;-0.166667
138;-1.33333;0.208333;-0.166667
139;-1.25;0.208333;-0.166667
140;-1.16667;0.166667;-0.166667
141;-1.04167;0.125;-0.166667
142;-0.916667;0.0833333;-0.208333
143;-0.833333;0.0833333;-0.208333
144;-0.833333;0.0833333;-0.208333
145;-0.833333;0.0833333;-0.208333
146;-0.708333;0.0833333;-0.208333
147;-0.625;0.0833333;-0.25
148;-0.5;0.208333;-0.208333
149;-0.5;0.25;-0.208333
150;-0.5;0.25;-0.208333
151;-0.5;0.25;-0.208333
152;-0.5;0.291667;-0.166667
153;-0.458333;0.333333;-0.166667
154;-0.458333;0.375;-0.166667
155;-0.5;0.416667;-0.125
156;-0.541667;0.416667;-0.166667
157;-0.583333;0.416667;-0.166667
158;-0.625;0.458333;-0.166667
159;-0.625;0.458333;-0.166667
160;-0.666667;0.458333;-0.166667
161;-0.75;0.458333;-0.166667
162;-0.791667;0.458333;-0.208333
163;-0.958333;0.416667;-0.25
164;-1.04167;0.416667;-0.25
165;-1.125;0.416667;-0.291667
166;-1.125;0.416667;-0.291667
167;-1.20833;0.375;-0.333333
168;-1.20833;0.375;-0.333333
169;-1.25;0.333333;-0.333333
170;-1.25;0.333333;-0.333333
171;-1.20833;0.291667;-0.291667
172;-1.20833;0.291667;-0.291667
173;-1.20833;0.291667;-0.291667
174;-1.29167;0.291667;-0.291667
175;-1.375;0.291667;-0.25
176;-1.375;0.291667;-0.25
177;-1.375;0.291667;-0.25
178;-1.54167;0.416667;-0.208333
179;-1.54167;0.416667;-0.208333
180;-1.54167;0.416667;-0.208333
181;-1.54167;0.416667;-0.208333
182;-1.33333;0.291667;-0.208333
183;-1.41667;0.25;-0.125
184;-1.54167;0.333333;-0.0416667
185;-1.625;0.333333;-0.0416667
186;-1.66667;0.333333;0
187;-1.66667;0.333333;0
188;-1.66667;0.291667;0
189;-1.58333;0.291667;0
190;-1.58333;0.291667;0
191;-1.58333;0.291667;0
192;-1.58333;0.291667;0
193;-1.58333;0.291667;0
194;-1.5;0.25;0
195;-1.41667;0.25;-0.0416667
196;-0.875;0.208333;-0.125
197;-0.875;0.208333;-0.125
198;-0.791667;0.208333;-0.125
199;-0.708333;0.208333;-0.0833333
200;-0.666667;0.208333;-0.0833333
201;-0.666667;0.208333;-0.0833333
202;-0.625;0.208333;-0.0833333
203;-0.583333;0.208333;-0.0416667
204;-0.541667;0.25;-0.0416667
205;-0.541667;0.25;0
206;-0.583333;0.25;0
207;-0.625;0.25;0
208;-0.666667;0.291667;0.0416667
209;-0.666667;0.291667;0.0416667
210;-0.708333;0.25;0.0416667
211;-0.75;0.25;0.0416667
212;-0.833333;0.25;0.0833333
213;-0.916667;0.25;0.0833333
214;-1;0.25;0.125
215;-1.08333;0.291667;0.125
216;-1.08333;0.291667;0.125
217;-1.125;0.25;0.0833333
218;-1.125;0.25;0.0833333
219;-1.125;0.25;0.0833333
220;-1.08333;0.291667;0.0416667
221;-1.08333;0.291667;0.0416667
222;-1;0.333333;0
223;-1;0.333333;-0.0416667
224;-0.916667;0.333333;-0.0416667
225;-0.875;0.375;-0.0833333
226;-0.833333;0.375;-0.0833333
227;-0.875;0.416667;-0.0833333
228;-1;0.416667;-0.0416667
229;-1.04167;0.458333;-0.0416667
230;-1.04167;0.458333;-0.0416667
231;-1;0.458333;-0.0833333
232;-0.958333;0.458333;-0.125
233;-1;0.458333;-0.125
234;-1.08333;0.458333;-0.125
235;-1.08333;0.458333;-0.125
236;-1.25;0.458333;-0.166667
237;-1.25;0.458333;-0.166667
238;-1.33333;0.458333;-0.166667
239;-1.375;0.416667;-0.208333
240;-1.45833;0.375;-0.208333
241;-1.45833;0.375;-0.208333
242;-1.45833;0.375;-0.208333
243;-1.375;0.333333;-0.166667
244;-1.29167;0.291667;-0.166667
245;-1.16667;0.25;-0.208333
246;-1.16667;0.25;-0.208333
247;-0.916667;0.208333;-0.208333
248;-0.833333;0.166667;-0.208333
249;-0.75;0.166667;-0.208333
250;-0.708333;0.208333;-0.208333
251;-0.708333;0.208333;-0.208333
252;-0.666667;0.25;-0.166667
253;-0.666667;0.25;-0.166667
254;-0.666667;0.291667;-0.166667
255;-0.666667;0.291667;-0.166667
256;-0.666667;0.333333;-0.125
257;-0.708333;0.375;-0.125
258;-0.75;0.375;-0.125
259;-0.75;0.375;-0.125
260;-0.791667;0.416667;-0.125
261;-0.833333;0.458333;-0.166667
262;-0.875;0.5;-0.166667
263;-0.916667;0.5;-0.208333
264;-0.958333;0.5;-0.208333
265;-1;0.5;-0.208333
266;-1;0.5;-0.25
267;-1;0.458333;-0.25
268;-1;0.458333;-0.25
269;-1;0.458333;-0.291667
270;-1;0.458333;-0.291667
271;-1.08333;0.458333;-0.333333
272;-1.08333;0.458333;-0.333333
273;-1.08333;0.458333;-0.333333
274;-1.08333;0.458333;-0.291667
275;-1.08333;0.416667;-0.291667
276;-1.08333;0.416667;-0.291667
277;-1.08333;0.375;-0.25
278;-1.125;0.375;-0.25
279;-1.125;0.375;-0.25
280;-1.29167;0.416667;-0.208333
281;-1.375;0.458333;-0.208333
282;-1.375;0.458333;-0.208333
283;-1.41667;0.458333;-0.208333
284;-1.41667;0.458333;-0.208333
285;-1.41667;0.458333;-0.208333
286;-1.41667;0.416667;-0.166667
287;-1.45833;0.375;-0.125
288;-1.625;0.333333;0
289;-1.75;0.333333;0.0416667
290;-1.75;0.333333;0.0416667
291;-1.75;0.291667;0.0416667
292;-1.70833;0.291667;0.0416667
293;-1.70833;0.291667;0.0416667
294;-1.66667;0.25;0.0416667
295;-1.625;0.25;0.0416667
296;-1.5;0.166667;-0.0416667
297;-1.41667;0.166667;-0.0833333
298;-1.41667;0.166667;-0.0833333
299;-1.29167;0.166667;-0.0833333
300;-1.125;0.166667;-0.0833333
301;-0.916667;0.208333;-0.0833333
302;-0.875;0.208333;-0.0416667
303;-0.791667;0.208333;-0.0416667
304;-0.75;0.208333;0
305;-0.75;0.208333;0
306;-0.75;0.208333;0
307;-0.666667;0.208333;0
308;-0.625;0.208333;0
309;-0.583333;0.25;0
310;-0.583333;0.25;0
311;-0.583333;0.25;0
312;-0.666667;0.291667;0.0833333
313;-0.708333;0.291667;0.0833333
314;-0.75;0.291667;0.0833333
315;-0.75;0.25;0.0833333
316;-0.791667;0.25;0.0833333
317;-0.833333;0.25;0.0833333
318;-0.916667;0.25;0.0833333
319;-1;0.291667;0.125
320;-1.08333;0.291667;0.125
321;-1.08333;0.291667;0.125
322;-1.08333;0.291667;0.125
323;-1.04167;0.291667;0.0833333
324;-1.04167;0.291667;0.0416667
325;-1;0.333333;0.0416667
326;-1;0.333333;0.0416667
327;-0.958333;0.375;0
328;-0.916667;0.375;-0.0416667
329;-0.875;0.416667;-0.0416667
330;-0.833333;0.416667;-0.0416667
331;-0.875;0.416667;-0.0416667
332;-0.958333;0.416667;0
333;-0.958333;0.416667;0
334;-1.04167;0.458333;0
335;-1.04167;0.458333;0
336;-0.958333;0.458333;-0.0416667
337;-0.916667;0.458333;-0.0833333
338;-1.04167;0.458333;-0.125
339;-1.04167;0.458333;-0.125
340;-1.20833;0.5;-0.125
341;-1.20833;0.5;-0.125
342;-1.25;0.5;-0.166667
343;-1.33333;0.5;-0.166667
344;-1.33333;0.5;-0.166667
345;-1.54167;0.458333;-0.166667
346;-1.54167;0.416667;-0.166667
347;-1.54167;0.416667;-0.166667
348;-1.5;0.375;-0.166667
349;-1.29167;0.25;-0.166667
350;-1.29167;0.25;-0.166667
351;-1.29167;0.25;-0.166667
352;-0.875;0.125;-0.208333
353;-0.791667;0.0833333;-0.208333
354;-0.791667;0.0833333;-0.208333
355;-0.708333;0.125;-0.208333
356;-0.708333;0.125;-0.208333
357;-0.708333;0.166667;-0.208333
358;-0.708333;0.208333;-0.166667
359;-0.708333;0.208333;-0.166667
360;-0.708333;0.25;-0.166667
361;-0.75;0.291667;-0.166667
362;-0.75;0.291667;-0.166667
363;-0.75;0.333333;-0.125
364;-0.791667;0.375;-0.125
365;-0.833333;0.416667;-0.125
366;-0.833333;0.458333;-0.125
367;-0.833333;0.5;-0.166667
368;-0.875;0.541667;-0.208333
369;-0.916667;0.583333;-0.208333
370;-0.958333;0.583333;-0.25
371;-1.04167;0.625;-0.291667
372;-1.04167;0.625;-0.291667
373;-1.04167;0.625;-0.333333
374;-1.08333;0.625;-0.333333
375;-1.08333;0.583333;-0.375
376;-1.125;0.583333;-0.375
377;-1.125;0.541667;-0.333333
378;-1.125;0.5;-0.333333
379;-1.125;0.5;-0.333333
380;-1.125;0.333333;-0.291667
381;-1.125;0.333333;-0.291667
382;-1.25;0.375;-0.291667
383;-1.375;0.416667;-0.291667
384;-1.54167;0.416667;-0.25
385;-1.625;0.458333;-0.208333
386;-1.625;0.416667;-0.208333
387;-1.45833;0.25;-0.166667
388;-1.45833;0.25;-0.166667
389;-1.41667;0.208333;-0.125
390;-1.41667;0.208333;-0.125
391;-1.45833;0.208333;-0.0833333
392;-1.5;0.25;-0.0416667
393;-1.54167;0.25;-0.0416667
394;-1.54167;0.25;-0.0416667
395;-1.54167;0.25;-0.0416667
396;-1.54167;0.25;-0.0416667
397;-1.5;0.291667;-0.0833333
398;-1.45833;0.291667;-0.0833333
399;-1.375;0.291667;-0.0833333
400;-1.29167;0.291667;-0.0833333
401;-1.25;0.291667;-0.0833333
402;-1.25;0.291667;-0.0833333
403;-1.08333;0.291667;-0.125
404;-1.08333;0.291667;-0.125
405;-1.08333;0.291667;-0.125
406;-0.916667;0.291667;-0.125
407;-0.791667;0.291667;-0.0416667
408;-0.791667;0.291667;-0.0416667
409;-0.791667;0.291667;-0.0416667
410;-0.708333;0.291667;0
411;-0.666667;0.291667;0.0416667
412;-0.666667;0.291667;0.0416667
413;-0.666667;0.291667;0.0416667
414;-0.666667;0.333333;0.0416667
415;-0.666667;0.333333;0.0416667
416;-0.708333;0.333333;0.0416667
417;-0.708333;0.333333;0.0833333
418;-0.708333;0.333333;0.0833333
419;-0.75;0.333333;0.0833333
420;-0.791667;0.333333;0.0833333
421;-0.791667;0.333333;0.0833333
422;-0.875;0.375;0.0416667
423;-0.916667;0.375;0.0416667
424;-1;0.375;0.0416667
425;-1;0.375;0.0416667
426;-1;0.375;0.0416667
427;-1.04167;0.333333;0
428;-1.04167;0.291667;-0.0416667
429;-1.04167;0.291667;-0.0416667
430;-1.04167;0.25;-0.0416667
431;-1.04167;0.25;-0.0416667
432;-1;0.25;-0.0833333
433;-0.958333;0.291667;-0.125
434;-0.958333;0.291667;-0.125
435;-0.916667;0.333333;-0.125
436;-0.958333;0.375;-0.125
437;-0.958333;0.375;-0.125
438;-1;0.416667;-0.125
439;-1;0.416667;-0.125
440;-0.875;0.416667;-0.0833333
441;-0.833333;0.458333;-0.125
442;-0.833333;0.458333;-0.125
443;-0.875;0.5;-0.125
444;-0.875;0.5;-0.125
445;-0.958333;0.541667;-0.125
446;-1.04167;0.541667;-0.125
447;-1.125;0.583333;-0.166667
448;-1.20833;0.541667;-0.208333
449;-1.20833;0.541667;-0.208333
450;-1.29167;0.5;-0.208333
451;-1.29167;0.5;-0.208333
452;-1.33333;0.458333;-0.208333
453;-1.33333;0.333333;-0.166667
454;-1.33333;0.333333;-0.166667
455;-1.29167;0.291667;-0.166667
456;-1.20833;0.25;-0.208333
457;-1.08333;0.208333;-0.208333
458;-1;0.208333;-0.208333
459;-0.875;0.166667;-0.25
460;-0.75;0.166667;-0.25
461;-0.75;0.166667;-0.25
462;-0.75;0.208333;-0.25
463;-0.75;0.25;-0.291667
464;-0.75;0.25;-0.25
465;-0.791667;0.291667;-0.25
466;-0.833333;0.291667;-0.25
467;-0.833333;0.291667;-0.25
468;-0.833333;0.333333;-0.25
469;-0.958333;0.333333;-0.208333
470;-1.04167;0.375;-0.25
471;-1.04167;0.375;-0.25
472;-1.04167;0.375;-0.25
473;-1.08333;0.375;-0.333333
474;-1.125;0.375;-0.375
475;-1.125;0.375;-0.375
476;-1.08333;0.375;-0.375
477;-1.08333;0.333333;-0.416667
478;-1.08333;0.333333;-0.416667
479;-1.08333;0.333333;-0.416667
480;-1.08333;0.333333;-0.458333
481;-1.08333;0.375;-0.416667
482;-1.04167;0.416667;-0.416667
483;-1.04167;0.416667;-0.416667
484;-1.04167;0.416667;-0.375
485;-1.04167;0.416667;-0.375
486;-1.08333;0.416667;-0.333333
487;-1.125;0.458333;-0.333333
488;-1.25;0.5;-0.333333
489;-1.375;0.583333;-0.291667
490;-1.54167;0.625;-0.25
491;-1.625;0.666667;-0.25
492;-1.625;0.666667;-0.25
493;-1.66667;0.625;-0.208333
494;-1.625;0.541667;-0.125
495;-1.625;0.541667;-0.125
496;-1.5;0.25;-0.0833333
497;-1.58333;0.25;-0.0416667
498;-1.625;0.25;-0.0416667
499;-1.58333;0.25;0
500;-1.58333;0.25;0
501;-1.54167;0.208333;-0.0416667
502;-1.45833;0.208333;-0.0416667
503;-1.41667;0.208333;-0.0416667
504;-1.41667;0.208333;-0.0416667
505;-1.375;0.208333;-0.0416667
506;-1.29167;0.25;-0.0833333
507;-1.16667;0.25;-0.125
508;-1.16667;0.25;-0.125
509;-0.958333;0.333333;-0.0833333
510;-0.875;0.333333;-0.0833333
511;-0.833333;0.333333;-0.0416667
512;-0.75;0.333333;0
513;-0.708333;0.333333;0
514;-0.666667;0.291667;0.0416667
515;-0.666667;0.291667;0.0416667
516;-0.666667;0.291667;0.0416667
517;-0.625;0.333333;0.0833333
518;-0.625;0.333333;0.0833333
519;-0.625;0.333333;0.0833333
520;-0.625;0.333333;0.0833333
521;-0.708333;0.333333;0.0833333
522;-0.708333;0.333333;0.0833333
523;-0.875;0.333333;0.125
524;-0.875;0.333333;0.125
525;-1.04167;0.333333;0.166667
526;-1.04167;0.333333;0.166667
527;-1.08333;0.291667;0.166667
528;-1.08333;0.25;0.125
529;-1.08333;0.25;0.125
530;-1.125;0.25;0.0833333
531;-1.16667;0.25;0.0833333
532;-1.20833;0.208333;0.0833333
533;-1.25;0.208333;0.0833333
534;-1.25;0.208333;0.0833333
535;-1.08333;0.208333;0
536;-1.08333;0.208333;0
537;-0.958333;0.208333;-0.0416667
538;-0.958333;0.208333;-0.0416667
539;-0.875;0.25;-0.0416667
540;-0.875;0.291667;-0.0416667
541;-0.958333;0.333333;-0.0416667
542;-1;0.375;0
543;-1;0.375;0
544;-1;0.375;0
545;-1;0.416667;0
546;-0.958333;0.416667;-0.0416667
547;-0.916667;0.416667;-0.0416667
548;-0.958333;0.416667;-0.0416667
549;-1;0.458333;-0.0833333
550;-1.04167;0.458333;-0.125
551;-1.04167;0.458333;-0.125
552;-1.04167;0.458333;-0.125
553;-1.125;0.458333;-0.125
554;-1.125;0.458333;-0.125
555;-1.16667;0.416667;-0.166667
556;-1.20833;0.416667;-0.166667
557;-1.20833;0.375;-0.166667
558;-1.16667;0.375;-0.166667
559;-1.125;0.333333;-0.125
560;-1.04167;0.25;-0.125
561;-1.04167;0.25;-0.125
562;-0.958333;0.25;-0.125
563;-0.916667;0.208333;-0.166667
564;-0.916667;0.208333;-0.166667
565;-0.916667;0.208333;-0.166667
566;-0.875;0.208333;-0.166667
567;-0.875;0.208333;-0.208333
568;-0.916667;0.25;-0.208333
569;-0.916667;0.25;-0.208333
570;-1;0.333333;-0.25
571;-1.04167;0.375;-0.291667
572;-1.04167;0.375;-0.291667
573;-1.08333;0.416667;-0.291667
574;-1.125;0.458333;-0.291667
575;-1.125;0.458333;-0.333333
576;-1.125;0.458333;-0.333333
577;-1.125;0.458333;-0.333333
578;-1.125;0.458333;-0.375
579;-1.125;0.458333;-0.375
580;-1.125;0.5;-0.416667
581;-1.125;0.5;-0.5
582;-1.125;0.5;-0.5
583;-1.125;0.541667;-0.5
584;-1.125;0.5;-0.5
585;-1.08333;0.458333;-0.458333
586;-1.04167;0.416667;-0.458333
587;-1.04167;0.416667;-0.458333
588;-1.08333;0.375;-0.375
589;-1.08333;0.375;-0.375
590;-1.125;0.333333;-0.333333
591;-1.16667;0.333333;-0.291667
592;-1.20833;0.375;-0.291667
593;-1.33333;0.416667;-0.291667
594;-1.41667;0.458333;-0.25
595;-1.45833;0.458333;-0.208333
596;-1.41667;0.458333;-0.208333
597;-1.375;0.375;-0.166667
598;-1.33333;0.333333;-0.166667
599;-1.33333;0.333333;-0.166667
600;-1.33333;0.333333;-0.166667
601;-1.54167;0.333333;-0.0416667
602;-1.54167;0.333333;-0.0416667
603;-1.54167;0.333333;-0.0416667
604;-1.625;0.333333;0
605;-1.66667;0.375;0
606;-1.66667;0.375;0
607;-1.66667;0.291667;-0.0416667
608;-1.66667;0.291667;-0.0416667
609;-1.625;0.25;-0.0416667
610;-1.54167;0.25;-0.0833333
611;-1.29167;0.25;-0.0833333
612;-1.29167;0.25;-0.0833333
613;-1.08333;0.291667;-0.0416667
614;-1.04167;0.25;0
615;-1.04167;0.25;0
616;-0.958333;0.25;0.0416667
617;-0.833333;0.25;0.0416667
618;-0.833333;0.25;0.0416667
619;-0.708333;0.25;0.0833333
620;-0.666667;0.291667;0.0833333
621;-0.666667;0.291667;0.0833333
622;-0.666667;0.291667;0.0833333
623;-0.666667;0.291667;0.0833333
624;-0.666667;0.291667;0.0833333
625;-0.625;0.291667;0.0833333
626;-0.625;0.291667;0.0833333
627;-0.75;0.291667;0.0833333
628;-0.75;0.291667;0.0833333
629;-0.875;0.291667;0.0833333
630;-1.04167;0.291667;0.0833333
631;-1.04167;0.291667;0.0833333
632;-1;0.291667;0.0833333
633;-1;0.25;0.0833333
634;-1;0.25;0.0833333
635;-1;0.25;0.0833333
636;-1.08333;0.25;0.0833333
637;-1.125;0.291667;0.0833333
638;-1.125;0.291667;0.0833333
639;-1.08333;0.291667;0.0416667
640;-1.04167;0.291667;0.0416667
641;-0.958333;0.333333;0
642;-0.833333;0.333333;-0.0416667
643;-0.791667;0.333333;-0.0833333
644;-0.791667;0.333333;-0.0833333
645;-0.791667;0.333333;-0.0833333
646;-0.875;0.375;-0.0416667
647;-0.875;0.375;-0.0416667
648;-0.916667;0.416667;0
649;-0.875;0.416667;0
650;-0.875;0.458333;-0.0416667
651;-0.916667;0.458333;-0.0416667
652;-1;0.458333;-0.0416667
653;-1.04167;0.5;-0.0416667
654;-1.08333;0.5;-0.0833333
655;-1.125;0.541667;-0.0833333
656;-1.125;0.5;-0.125
657;-1.16667;0.5;-0.125
658;-1.20833;0.458333;-0.166667
659;-1.25;0.458333;-0.166667
660;-1.29167;0.416667;-0.166667
661;-1.29167;0.416667;-0.166667
662;-1.29167;0.375;-0.166667
663;-1.29167;0.333333;-0.166667
664;-1.20833;0.291667;-0.166667
665;-1.16667;0.25;-0.166667
666;-1.08333;0.208333;-0.208333
667;-1.04167;0.208333;-0.208333
668;-0.958333;0.166667;-0.25
669;-0.916667;0.166667;-0.25
670;-0.875;0.166667;-0.291667
671;-0.833333;0.208333;-0.291667
672;-0.833333;0.25;-0.291667
673;-0.833333;0.25;-0.291667
674;-0.875;0.25;-0.291667
675;-0.875;0.291667;-0.333333
676;-0.875;0.291667;-0.333333
677;-0.875;0.291667;-0.333333
678;-0.958333;0.375;-0.333333
679;-1;0.375;-0.375
680;-1;0.375;-0.375
681;-1.04167;0.416667;-0.416667
682;-1.04167;0.416667;-0.416667
683;-1.04167;0.416667;-0.416667
684;-1.08333;0.458333;-0.458333
685;-1.08333;0.458333;-0.458333
686;-1.125;0.458333;-0.5
687;-1.125;0.458333;-0.5
688;-1.125;0.458333;-0.5
689;-1.125;0.416667;-0.5
690;-1.125;0.416667;-0.5
691;-1.08333;0.416667;-0.5
692;-1.08333;0.375;-0.416667
693;-1.08333;0.375;-0.416667
694;-1.125;0.375;-0.375
695;-1.125;0.375;-0.375
696;-1.20833;0.375;-0.375
697;-1.33333;0.416667;-0.375
698;-1.5;0.5;-0.375
699;-1.58333;0.541667;-0.333333
700;-1.66667;0.541667;-0.291667
701;-1.625;0.416667;-0.208333
702;-1.54167;0.333333;-0.125
703;-1.54167;0.333333;-0.125
704;-1.5;0.25;-0.0833333
705;-1.58333;0.25;0
706;-1.625;0.25;0
707;-1.625;0.25;0
708;-1.625;0.25;0
709;-1.66667;0.25;0.0416667
710;-1.625;0.208333;0
711;-1.58333;0.166667;0
712;-1.54167;0.166667;0
713;-1.5;0.166667;0
714;-1.5;0.166667;0
715;-1.29167;0.166667;-0.0416667
716;-1.29167;0.166667;-0.0416667
717;-1.125;0.208333;-0.0416667
718;-1.04167;0.25;-0.0416667
719;-0.958333;0.25;0
720;-0.833333;0.291667;0.0416667
721;-0.833333;0.291667;0.0416667
722;-0.791667;0.291667;0.0416667
723;-0.666667;0.333333;0.0833333
724;-0.666667;0.333333;0.0833333
725;-0.666667;0.333333;0.0833333
726;-0.625;0.333333;0.0833333
727;-0.583333;0.333333;0.0833333
728;-0.583333;0.333333;0.0833333
729;-0.625;0.333333;0.0833333
730;-0.666667;0.333333;0.0833333
731;-0.666667;0.333333;0.0833333
732;-0.708333;0.333333;0.0833333
733;-0.708333;0.333333;0.0833333
734;-0.75;0.291667;0.0833333
735;-0.791667;0.291667;0.125
736;-0.833333;0.291667;0.125
737;-0.875;0.291667;0.0833333
738;-0.916667;0.291667;0.0833333
739;-0.958333;0.291667;0.0833333
740;-0.916667;0.25;0.0833333
741;-0.916667;0.25;0.0833333
742;-0.916667;0.25;0.0416667
743;-0.875;0.291667;0
744;-0.875;0.291667;0
745;-0.833333;0.333333;-0.0416667
746;-0.833333;0.375;-0.0416667
747;-0.833333;0.375;-0.0833333
748;-0.833333;0.416667;-0.0833333
749;-0.916667;0.416667;-0.0833333
750;-1;0.458333;-0.0833333
751;-1.04167;0.5;-0.0416667
752;-1;0.5;-0.0833333
753;-0.916667;0.5;-0.125
754;-0.875;0.5;-0.125
755;-0.875;0.458333;-0.166667
756;-0.958333;0.5;-0.166667
757;-1.08333;0.5;-0.166667
758;-1.16667;0.5;-0.208333
759;-1.16667;0.5;-0.208333
760;-1.20833;0.5;-0.208333
761;-1.25;0.458333;-0.208333
762;-1.29167;0.458333;-0.25
763;-1.29167;0.416667;-0.25
764;-1.33333;0.416667;-0.208333
765;-1.375;0.416667;-0.208333
766;-1.375;0.375;-0.208333
767;-1.33333;0.333333;-0.166667
768;-1.25;0.333333;-0.166667
769;-1.16667;0.291667;-0.166667
770;-1.16667;0.291667;-0.166667
771;-1;0.25;-0.208333
772;-1;0.25;-0.208333
773;-1;0.25;-0.208333
774;-0.875;0.208333;-0.25
775;-0.875;0.208333;-0.25
776;-0.833333;0.291667;-0.291667
777;-0.791667;0.333333;-0.291667
778;-0.791667;0.333333;-0.291667
779;-0.791667;0.333333;-0.291667
780;-0.791667;0.416667;-0.291667
781;-0.791667;0.416667;-0.291667
782;-0.791667;0.458333;-0.291667
783;-0.833333;0.458333;-0.291667
784;-0.833333;0.458333;-0.291667
785;-0.833333;0.5;-0.333333
786;-0.833333;0.5;-0.333333
787;-0.833333;0.5;-0.375
788;-0.875;0.5;-0.375
789;-0.875;0.5;-0.375
790;-0.916667;0.5;-0.416667
791;-0.958333;0.5;-0.458333
792;-0.958333;0.5;-0.458333
793;-0.958333;0.5;-0.458333
794;-1.04167;0.5;-0.458333
795;-1.04167;0.5;-0.458333
796;-1.16667;0.375;-0.375
797;-1.16667;0.375;-0.375
798;-1.20833;0.291667;-0.333333
799;-1.20833;0.291667;-0.333333
800;-1.20833;0.25;-0.291667
801;-1.20833;0.25;-0.291667
802;-1.45833;0.333333;-0.291667
803;-1.58333;0.375;-0.25
804;-1.66667;0.416667;-0.208333
805;-1.66667;0.416667;-0.208333
806;-1.58333;0.375;-0.166667
807;-1.58333;0.375;-0.166667
808;-1.54167;0.333333;-0.125
809;-1.5;0.291667;-0.0833333
810;-1.54167;0.25;-0.0416667
811;-1.58333;0.291667;-0.0416667
812;-1.58333;0.291667;-0.0416667
813;-1.58333;0.291667;-0.0416667
814;-1.66667;0.291667;0
815;-1.66667;0.291667;0
816;-1.66667;0.291667;0
817;-1.58333;0.25;-0.0416667
818;-1.58333;0.25;-0.0416667
819;-1.5;0.25;-0.0416667
820;-1.375;0.25;-0.0416667
821;-1.25;0.291667;-0.0416667
822;-1.04167;0.291667;0
823;-1.04167;0.291667;0
824;-1;0.291667;0
825;-0.916667;0.291667;0
826;-0.833333;0.291667;0
827;-0.791667;0.291667;0
828;-0.708333;0.25;0
829;-0.666667;0.25;0.0416667
830;-0.666667;0.25;0.0416667
831;-0.625;0.291667;0.0416667
832;-0.625;0.291667;0.0416667
833;-0.625;0.291667;0.0416667
834;-0.625;0.291667;0.0416667
835;-0.666667;0.291667;0.0416667
836;-0.666667;0.291667;0.0416667
837;-0.666667;0.25;0.0833333
838;-0.625;0.25;0.0416667
839;-0.625;0.25;0.0416667
840;-0.666667;0.25;0.0416667
841;-0.708333;0.25;0.0416667
842;-0.75;0.291667;0.0416667
843;-0.75;0.291667;0.0416667
844;-0.833333;0.291667;0.0416667
845;-0.875;0.291667;0.0416667
846;-0.916667;0.291667;0.0416667
847;-0.916667;0.333333;0.0416667
848;-0.916667;0.333333;0.0416667
849;-0.916667;0.333333;0.0416667
850;-0.916667;0.375;0
851;-0.916667;0.375;0
852;-0.875;0.416667;-0.0416667
853;-0.875;0.416667;-0.0416667
854;-0.833333;0.416667;-0.0833333
855;-0.791667;0.416667;-0.0833333
856;-0.791667;0.416667;-0.0833333
857;-0.875;0.458333;-0.0833333
858;-0.875;0.458333;-0.0833333
859;-0.875;0.458333;-0.0833333
860;-0.916667;0.5;-0.0833333
861;-0.958333;0.5;-0.0833333
862;-1;0.5;-0.125
863;-1;0.5;-0.125
864;-1.125;0.5;-0.125
865;-1.125;0.5;-0.125
866;-1.25;0.5;-0.166667
867;-1.29167;0.5;-0.208333
868;-1.33333;0.458333;-0.208333
869;-1.33333;0.458333;-0.208333
870;-1.41667;0.458333;-0.25
871;-1.54167;0.458333;-0.25
872;-1.54167;0.458333;-0.208333
873;-1.54167;0.416667;-0.208333
874;-1.54167;0.416667;-0.208333
875;-1.375;0.333333;-0.166667
876;-1.375;0.333333;-0.166667
877;-1.08333;0.25;-0.208333
878;-1.08333;0.25;-0.208333
879;-1;0.208333;-0.208333
880;-1;0.208333;-0.208333
881;-0.833333;0.208333;-0.25
882;-0.833333;0.208333;-0.25
883;-0.75;0.25;-0.25
884;-0.75;0.25;-0.25
885;-0.75;0.333333;-0.25
886;-0.75;0.333333;-0.25
887;-0.75;0.375;-0.25
888;-0.75;0.375;-0.25
889;-0.791667;0.416667;-0.25
890;-0.791667;0.416667;-0.25
891;-0.833333;0.416667;-0.25
892;-0.875;0.5;-0.25
893;-0.875;0.5;-0.25
894;-0.875;0.541667;-0.291667
895;-0.875;0.541667;-0.291667
896;-0.875;0.541667;-0.333333
897;-0.875;0.541667;-0.333333
898;-0.958333;0.541667;-0.375
899;-1.04167;0.541667;-0.416667
900;-1.04167;0.541667;-0.416667
901;-1.04167;0.541667;-0.416667
902;-1.08333;0.5;-0.416667
903;-1.08333;0.458333;-0.416667
904;-1.08333;0.375;-0.375
905;-1.125;0.333333;-0.333333
906;-1.16667;0.333333;-0.291667
907;-1.16667;0.291667;-0.291667
908;-1.20833;0.25;-0.208333
909;-1.20833;0.25;-0.208333
910;-1.29167;0.25;-0.166667
911;-1.375;0.291667;-0.166667
912;-1.45833;0.333333;-0.166667
913;-1.5;0.375;-0.125
914;-1.45833;0.375;-0.125
915;-1.45833;0.333333;-0.125
916;-1.41667;0.291667;-0.125
917;-1.45833;0.291667;-0.0833333
918;-1.5;0.291667;-0.0416667
919;-1.58333;0.291667;0.0416667
920;-1.66667;0.333333;0.0833333
921;-1.70833;0.333333;0.0833333
922;-1.70833;0.333333;0.0833333
923;-1.66667;0.333333;0.0833333
924;-1.66667;0.291667;0.0416667
925;-1.66667;0.291667;0.0416667
926;-1.5;0.25;-0.0416667
927;-1.41667;0.25;-0.0416667
928;-1.29167;0.291667;0
929;-1.20833;0.291667;0
930;-1.125;0.291667;0
931;-1.08333;0.291667;0.0416667
932;-1.08333;0.291667;0.0416667
933;-1.08333;0.291667;0.0416667
934;-1;0.25;0.0416667
935;-0.916667;0.25;0.0833333
936;-0.708333;0.208333;0.0833333
937;-0.666667;0.25;0.0416667
938;-0.625;0.25;0.0416667
939;-0.583333;0.25;0.0416667
940;-0.583333;0.25;0.0833333
941;-0.583333;0.25;0.0833333
942;-0.625;0.25;0.0833333
943;-0.666667;0.25;0.0833333
944;-0.666667;0.25;0.0833333
945;-0.666667;0.25;0.0833333
946;-0.666667;0.25;0.0833333
947;-0.708333;0.25;0.125
948;-0.708333;0.25;0.125
949;-0.791667;0.25;0.166667
950;-0.875;0.25;0.166667
951;-0.875;0.25;0.166667
952;-0.875;0.25;0.125
953;-0.875;0.291667;0.0833333
954;-0.875;0.291667;0.0833333
955;-0.875;0.333333;0.0833333
956;-0.875;0.333333;0.0833333
957;-0.916667;0.333333;0.0416667
958;-0.916667;0.375;0.0416667
959;-0.916667;0.375;0.0416667
960;-0.916667;0.375;0
961;-0.875;0.416667;-0.0416667
962;-0.875;0.416667;-0.0416667
963;-0.875;0.416667;-0.0416667
964;-1;0.458333;-0.0416667
965;-1.04167;0.5;-0.0416667
966;-1.04167;0.5;-0.0416667
967;-1.08333;0.5;-0.0416667
968;-1.08333;0.5;-0.0416667
969;-1.04167;0.458333;-0.0833333
970;-1.04167;0.458333;-0.125
971;-1.04167;0.416667;-0.125
972;-1.08333;0.375;-0.125
973;-1.20833;0.375;-0.166667
974;-1.29167;0.375;-0.166667
975;-1.33333;0.375;-0.166667
976;-1.45833;0.375;-0.208333
977;-1.45833;0.375;-0.208333
978;-1.45833;0.375;-0.208333
979;-1.5;0.333333;-0.208333
980;-1.5;0.333333;-0.208333
981;-1.41667;0.333333;-0.166667
982;-1.41667;0.333333;-0.166667
983;-1.33333;0.291667;-0.166667
984;-1.33333;0.291667;-0.166667
985;-1.20833;0.25;-0.166667
986;-0.958333;0.208333;-0.166667
987;-0.958333;0.208333;-0.166667
988;-0.875;0.208333;-0.208333
989;-0.833333;0.25;-0.208333
990;-0.791667;0.291667;-0.208333
991;-0.791667;0.291667;-0.208333
992;-0.75;0.333333;-0.208333
993;-0.75;0.333333;-0.208333
994;-0.708333;0.333333;-0.208333
995;-0.75;0.333333;-0.208333
996;-0.75;0.375;-0.208333
997;-0.75;0.416667;-0.166667
998;-0.75;0.416667;-0.166667
999;-0.75;0.416667;-0.208333
1000;-0.75;0.458333;-0.208333
1001;-0.791667;0.458333;-0.25
1002;-0.791667;0.458333;-0.25
1003;-0.833333;0.458333;-0.291667
1004;-0.833333;0.458333;-0.291667
1005;-0.875;0.458333;-0.333333
1006;-0.916667;0.458333;-0.333333
1007;-0.916667;0.458333;-0.333333
1008;-0.958333;0.458333;-0.333333
1009;-1;0.458333;-0.333333
1010;-1.04167;0.416667;-0.333333
1011;-1.08333;0.416667;-0.375
1012;-1.125;0.416667;-0.333333
1013;-1.125;0.375;-0.333333
1014;-1.125;0.333333;-0.333333
1015;-1.08333;0.333333;-0.291667
1016;-1.08333;0.291667;-0.291667
1017;-1.125;0.333333;-0.291667
1018;-1.25;0.333333;-0.291667
1019;-1.25;0.333333;-0.291667
1020;-1.54167;0.458333;-0.25
1021;-1.54167;0.458333;-0.25
1022;-1.66667;0.416667;-0.166667
1023;-1.66667;0.416667;-0.166667
1024;-1.5;0.25;-0.125
1025;-1.41667;0.166667;-0.125
1026;-1.41667;0.166667;-0.0833333
1027;-1.41667;0.166667;-0.0416667
1028;-1.41667;0.166667;-0.0416667
1029;-1.5;0.208333;0
1030;-1.5;0.208333;0
1031;-1.58333;0.25;0
1032;-1.58333;0.25;0
1033;-1.58333;0.25;0.0416667
1034;-1.58333;0.25;0.0416667
1035;-1.5;0.25;0
1036;-1.5;0.25;0
1037;-1.45833;0.25;0
1038;-1.33333;0.25;-0.0416667
1039;-1.08333;0.291667;-0.0416667
1040;-1.08333;0.291667;-0.0416667
1041;-0.916667;0.291667;0
1042;-0.916667;0.291667;0
1043;-0.791667;0.25;0.0416667
1044;-0.75;0.25;0.0416667
1045;-0.708333;0.25;0.0416667
1046;-0.708333;0.25;0.0416667
1047;-0.708333;0.291667;0.0416667
1048;-0.708333;0.291667;0.0416667
1049;-0.708333;0.291667;0.0416667
1050;-0.666667;0.291667;0.0833333
1051;-0.625;0.291667;0.0833333
1052;-0.625;0.291667;0.0833333
1053;-0.666667;0.291667;0.0833333
1054;-0.666667;0.25;0.0833333
1055;-0.666667;0.25;0.0833333
1056;-0.666667;0.25;0.0833333
1057;-0.666667;0.25;0.0833333
1058;-0.625;0.25;0.0416667
1059;-0.625;0.25;0.0416667
1060;-0.625;0.25;0.0416667
1061;-0.625;0.291667;0.0416667
1062;-0.625;0.333333;0.0416667
1063;-0.666667;0.333333;0
1064;-0.666667;0.375;0
1065;-0.666667;0.416667;0
1066;-0.708333;0.416667;0
1067;-0.75;0.458333;0
1068;-0.75;0.458333;0
1069;-0.833333;0.458333;-0.0416667
1070;-0.833333;0.5;-0.0416667
1071;-0.833333;0.541667;-0.0416667
1072;-0.833333;0.541667;-0.0833333
1073;-0.833333;0.541667;-0.0833333
1074;-0.833333;0.541667;-0.125
1075;-0.833333;0.541667;-0.125
1076;-0.916667;0.583333;-0.166667
1077;-1;0.583333;-0.166667
1078;-1.04167;0.583333;-0.166667
1079;-1.08333;0.583333;-0.166667
1080;-1.125;0.541667;-0.208333
1081;-1.125;0.541667;-0.208333
1082;-1.125;0.541667;-0.208333
1083;-1.125;0.5;-0.25
1084;-1.20833;0.458333;-0.291667
1085;-1.25;0.416667;-0.291667
1086;-1.25;0.375;-0.333333
1087;-1.29167;0.333333;-0.333333
1088;-1.29167;0.291667;-0.333333
1089;-1.29167;0.291667;-0.333333
1090;-1.29167;0.25;-0.333333
1091;-1.29167;0.25;-0.333333
1092;-1.25;0.208333;-0.291667
1093;-1.25;0.166667;-0.291667
1094;-1.20833;0.166667;-0.291667
1095;-1.16667;0.166667;-0.291667
1096;-1.16667;0.166667;-0.291667
1097;-1.16667;0.166667;-0.291667
1098;-1.16667;0.166667;-0.291667
1099;-0.958333;0.208333;-0.333333
1100;-0.875;0.25;-0.333333
1101;-0.833333;0.25;-0.333333
1102;-0.791667;0.25;-0.333333
1103;-0.791667;0.25;-0.333333
1104;-0.75;0.291667;-0.333333
1105;-0.708333;0.291667;-0.333333
1106;-0.708333;0.291667;-0.333333
1107;-0.708333;0.333333;-0.291667
1108;-0.666667;0.375;-0.333333
1109;-0.666667;0.375;-0.333333
1110;-0.666667;0.375;-0.333333
1111;-0.666667;0.375;-0.333333
1112;-0.666667;0.375;-0.333333
1113;-0.75;0.375;-0.291667
1114;-0.791667;0.333333;-0.291667
1115;-0.791667;0.333333;-0.291667
1116;-0.833333;0.291667;-0.291667
1117;-0.833333;0.291667;-0.291667
1118;-0.833333;0.291667;-0.291667
1119;-0.833333;0.25;-0.291667
1120;-0.833333;0.25;-0.291667
1121;-0.833333;0.208333;-0.291667
1122;-0.875;0.208333;-0.291667
1123;-0.875;0.208333;-0.291667
1124;-0.916667;0.208333;-0.291667
1125;-0.958333;0.208333;-0.291667
1126;-1.08333;0.208333;-0.25
1127;-1.08333;0.208333;-0.25
1128;-1.125;0.166667;-0.208333
1129;-1.125;0.166667;-0.166667
1130;-1.125;0.166667;-0.166667
1131;-1.125;0.166667;-0.125
1132;-1.08333;0.166667;-0.125
1133;-1.04167;0.166667;-0.125
1134;-1.04167;0.208333;-0.125
1135;-1;0.208333;-0.125
1136;-1;0.25;-0.125
1137;-1.08333;0.25;-0.125
1138;-1.08333;0.25;-0.125
1139;-1.08333;0.25;-0.125
1140;-1.16667;0.333333;-0.0833333
1141;-1.29167;0.375;-0.0833333
1142;-1.625;0.5;-0.0416667
1143;-1.58333;0.5;-0.0833333
1144;-1.5;0.458333;-0.0833333
1145;-1.41667;0.416667;-0.0833333
1146;-1.29167;0.375;-0.0416667
1147;-1.25;0.333333;-0.0416667
1148;-1.20833;0.25;0
1149;-1.16667;0.208333;0
1150;-1.16667;0.208333;0
1151;-1.20833;0.208333;0.0416667
1152;-1.20833;0.166667;0.0416667
1153;-1.20833;0.208333;0.0416667
1154;-1.25;0.166667;0.0416667
1155;-1.20833;0.166667;0.0833333
1156;-1.20833;0.166667;0.0833333
1157;-1.125;0.166667;0.0416667
1158;-1.08333;0.166667;0.0416667
1159;-1.08333;0.166667;0.0416667
1160;-0.958333;0.166667;0
1161;-0.916667;0.166667;0
1162;-0.916667;0.166667;0
1163;-0.833333;0.166667;0
1164;-0.833333;0.166667;0
1165;-0.833333;0.208333;0.0416667
1166;-0.833333;0.208333;0.0416667
1167;-0.833333;0.208333;0.0416667
1168;-0.833333;0.208333;0.0416667
1169;-0.833333;0.208333;0.0416667
1170;-0.833333;0.208333;0.0416667
1171;-0.833333;0.25;0.0416667
1172;-0.875;0.25;0.0416667
1173;-0.875;0.25;0.0416667
1174;-0.833333;0.25;0.0416667
1175;-0.791667;0.25;0.0416667
1176;-0.791667;0.25;0
1177;-0.791667;0.25;0
1178;-0.75;0.291667;0
1179;-0.791667;0.291667;0
1180;-0.791667;0.291667;0
1181;-0.833333;0.333333;0.0416667
1182;-0.833333;0.333333;0.0416667
1183;-0.833333;0.333333;0
1184;-0.875;0.375;0.0416667
1185;-0.916667;0.375;0.0416667
1186;-0.916667;0.375;0.0416667
1187;-0.958333;0.375;0.0833333
1188;-0.958333;0.375;0.0833333
1189;-1.04167;0.375;0.0833333
1190;-1.04167;0.375;0.0833333
1191;-1.08333;0.375;0.166667
1192;-1.08333;0.375;0.166667
1193;-1.08333;0.375;0.166667
1194;-1.125;0.375;0.166667
1195;-1.20833;0.416667;0.166667
1196;-1.20833;0.416667;0.166667
1197;-1.20833;0.416667;0.208333
1198;-1.20833;0.416667;0.208333
1199;-1.20833;0.416667;0.208333
1200;-1.20833;0.416667;0.208333
1201;-1.25;0.416667;0.208333
1202;-1.25;0.375;0.208333
1203;-1.25;0.375;0.208333
1204;-1.25;0.375;0.208333
1205;-1.20833;0.375;0.208333
1206;-1.25;0.333333;0.208333
1207;-1.25;0.333333;0.208333
1208;-1.29167;0.333333;0.208333
1209;-1.33333;0.375;0.208333
1210;-1.33333;0.333333;0.208333
1211;-1.375;0.333333;0.166667
1212;-1.375;0.291667;0.166667
1213;-1.41667;0.291667;0.166667
1214;-1.5;0.291667;0.166667
1215;-1.54167;0.291667;0.166667
1216;-1.54167;0.291667;0.166667
1217;-1.5;0.333333;0.125
1218;-1.41667;0.333333;0.0833333
1219;-1.25;0.333333;0
1220;-1.08333;0.333333;-0.0416667
1221;-0.916667;0.375;-0.0833333
1222;-0.791667;0.375;-0.125
1223;-0.666667;0.375;-0.166667
1224;-0.583333;0.416667;-0.208333
1225;-0.541667;0.416667;-0.25
1226;-0.541667;0.416667;-0.25
1227;-0.541667;0.375;-0.291667
1228;-0.541667;0.333333;-0.291667
1229;-0.541667;0.333333;-0.291667
1230;-0.583333;0.333333;-0.25
1231;-0.666667;0.25;-0.25
1232;-0.666667;0.25;-0.25
1233;-0.75;0.25;-0.25
1234;-0.833333;0.208333;-0.25
1235;-0.833333;0.208333;-0.25
1236;-0.875;0.208333;-0.25
1237;-0.916667;0.166667;-0.291667
1238;-0.875;0.0833333;-0.333333
1239;-0.875;0.0833333;-0.333333
1240;-0.875;0.0833333;-0.333333
1241;-0.833333;0;-0.333333
1242;-0.833333;0;-0.333333
1243;-0.833333;-0.0416667;-0.333333
1244;-0.875;-0.0416667;-0.333333
1245;-0.875;-0.0416667;-0.333333
1246;-1;0.0416667;-0.291667
1247;-1;0.0416667;-0.291667
1248;-1;0.0833333;-0.291667
1249;-1.04167;0.125;-0.25
1250;-1.04167;0.166667;-0.208333
1251;-1.04167;0.166667;-0.208333
1252;-1.04167;0.166667;-0.208333
1253;-1;0.208333;-0.208333
1254;-1;0.208333;-0.208333
1255;-1;0.208333;-0.208333
1256;-1;0.208333;-0.208333
1257;-1;0.208333;-0.208333
1258;-0.958333;0.208333;-0.208333
1259;-0.958333;0.208333;-0.208333
1260;-0.916667;0.166667;-0.208333
1261;-0.875;0.208333;-0.208333
1262;-0.833333;0.208333;-0.208333
1263;-0.833333;0.208333;-0.208333
1264;-0.833333;0.208333;-0.208333
1265;-0.875;0.291667;-0.208333
1266;-0.875;0.291667;-0.208333
1267;-0.875;0.291667;-0.208333
1268;-0.833333;0.333333;-0.208333
1269;-0.833333;0.333333;-0.208333
1270;-0.75;0.375;-0.208333
1271;-0.75;0.375;-0.208333
1272;-0.75;0.375;-0.208333
1273;-0.75;0.416667;-0.208333
1274;-0.75;0.416667;-0.25
1275;-0.75;0.416667;-0.25
1276;-0.791667;0.416667;-0.291667
1277;-0.833333;0.416667;-0.291667
1278;-0.958333;0.416667;-0.291667
1279;-1;0.375;-0.291667
1280;-1.08333;0.333333;-0.25
1281;-1.125;0.333333;-0.166667
1282;-1.125;0.333333;-0.166667
1283;-1.16667;0.375;-0.125
1284;-1.20833;0.416667;-0.166667
1285;-1.16667;0.416667;-0.125
1286;-1.125;0.458333;-0.125
1287;-1.08333;0.5;-0.0833333
1288;-1.08333;0.541667;-0.0416667
1289;-1.08333;0.583333;0
1290;-1.125;0.583333;0.0416667
1291;-1.125;0.583333;0.0416667
1292;-1.125;0.583333;0.0416667
1293;-1.125;0.583333;0.0416667
1294;-1.04167;0.458333;0.0416667
1295;-1.04167;0.458333;0.0416667
1296;-1;0.416667;0.0833333
1297;-1;0.416667;0.0833333
1298;-1;0.458333;0.0833333
1299;-1;0.458333;0.0833333
1300;-0.958333;0.5;0.0833333
1301;-0.958333;0.5;0.0833333
1302;-0.958333;0.5;0.0833333
1303;-0.958333;0.5;0.0833333
1304;-1.04167;0.458333;0.0833333
1305;-1.04167;0.458333;0.125
1306;-1.04167;0.458333;0.125
1307;-1.04167;0.416667;0.0833333
1308;-1.08333;0.375;0
1309;-1.08333;0.375;0
1310;-1.125;0.25;-0.0833333
1311;-1.125;0.25;-0.0833333
1312;-1.20833;0.0833333;-0.166667
1313;-1.25;0.0416667;-0.208333
1314;-1.25;0.0416667;-0.208333
1315;-1.25;0.0416667;-0.208333
1316;-1.41667;-0.0416667;-0.291667
1317;-1.41667;-0.0416667;-0.291667
1318;-1.5;-0.0416667;-0.375
1319;-1.45833;-0.0416667;-0.458333
1320;-1.33333;-0.0416667;-0.75
1321;-1.29167;-0.0416667;-0.958333
1322;-1.29167;-0.0416667;-0.958333
1323;-1.29167;-0.0416667;-1.08333
1324;-1.25;-0.0416667;-1.20833
1325;-1.16667;0.0416667;-1.29167
1326;-1.16667;0.0416667;-1.29167
1327;-1.25;0.125;-1.29167
1328;-1.375;0.208333;-1.25
1329;-1.54167;0.208333;-1.16667
1330;-1.54167;0.208333;-1.16667
1331;-1.54167;0.208333;-1.08333
1332;-1.54167;0.208333;-1.08333
1333;-1.45833;0.375;-1.04167
1334;-1.45833;0.375;-1.04167
1335;-1.45833;0.416667;-1
1336;-1.375;0.5;-0.958333
1337;-1.29167;0.5;-0.875
1338;-1.25;0.541667;-0.791667
1339;-1.16667;0.541667;-0.666667
1340;-1.08333;0.541667;-0.583333
1341;-1;0.541667;-0.458333
1342;-0.875;0.541667;-0.416667
1343;-0.75;0.541667;-0.375
1344;-0.625;0.541667;-0.375
1345;-0.5;0.583333;-0.375
1346;-0.458333;0.541667;-0.375
1347;-0.458333;0.541667;-0.333333
1348;-0.458333;0.541667;-0.25
1349;-0.416667;0.5;-0.166667
1350;-0.375;0.458333;-0.125
1351;-0.333333;0.375;-0.0833333
1352;-0.25;0.333333;-0.125
1353;-0.166667;0.291667;-0.166667
1354;-0.125;0.25;-0.208333
1355;-0.0416667;0.166667;-0.291667
1356;-0.0416667;0.166667;-0.291667
1357;-0.0416667;0.166667;-0.291667
1358;-0.0416667;0.166667;-0.291667
1359;0;0.0416667;-0.333333
1360;0.0416667;-0.0833333;-0.416667
1361;0.0416667;-0.0833333;-0.458333
1362;0.0833333;-0.125;-0.5
1363;0.0416667;-0.125;-0.5
1364;0.0416667;-0.166667;-0.541667
1365;0.0416667;-0.166667;-0.541667
